{"stat.flyOneCm":676,"stat.walkOneCm":34966,"stat.pickup.minecraft.wheat_seeds":1,"stat.mineBlock.minecraft.leaves":3,"stat.animalsBred":1,"stat.jump":17,"stat.swimOneCm":60,"stat.playOneMinute":5159,"stat.pickup.minecraft.lead":1,"stat.useItem.minecraft.egg":1,"stat.leaveGame":1,"stat.damageDealt":60,"stat.timeSinceDeath":5159,"stat.mineBlock.minecraft.double_plant":1,"stat.pickup.minecraft.sapling":1,"stat.sprintOneCm":9229,"stat.mobKills":1,"stat.killEntity.fox":1,"stat.useItem.minecraft.diamond_sword":1}