{
  "minecraft:recipes/food/bread": {
    "criteria": {
      "has_wheat": "2023-01-04 19:56:15 +0100"
    },
    "done": true
  },
  "minecraft:recipes/transportation/carrot_on_a_stick": {
    "criteria": {
      "has_carrot": "2023-01-04 19:56:15 +0100"
    },
    "done": true
  },
  "minecraft:recipes/building_blocks/hay_block": {
    "criteria": {
      "has_at_least_9_wheat": "2023-01-04 19:56:15 +0100"
    },
    "done": true
  },
  "minecraft:adventure/adventuring_time": {
    "criteria": {
      "forest_hills": "2023-01-04 19:56:15 +0100",
      "plains": "2023-01-04 19:56:53 +0100"
    },
    "done": false
  }
}