{
  "minecraft:adventure/adventuring_time": {
    "criteria": {
      "plains": "2023-01-06 22:46:45 +0100"
    },
    "done": false
  },
  "minecraft:husbandry/tame_an_animal": {
    "criteria": {
      "tamed_animal": "2023-01-06 22:50:30 +0100"
    },
    "done": true
  },
  "minecraft:recipes/building_blocks/bookshelf": {
    "criteria": {
      "has_book": "2023-01-06 22:46:45 +0100"
    },
    "done": true
  },
  "minecraft:recipes/misc/writable_book": {
    "criteria": {
      "has_book": "2023-01-06 22:46:45 +0100"
    },
    "done": true
  }
}