{
  "minecraft:recipes/food/bread": {
    "criteria": {
      "has_wheat": "2023-01-29 12:33:00 +0100"
    },
    "done": true
  },
  "minecraft:recipes/food/cake": {
    "criteria": {
      "has_egg": "2023-01-22 20:19:37 +0100"
    },
    "done": true
  },
  "minecraft:recipes/building_blocks/hay_block": {
    "criteria": {
      "has_at_least_9_wheat": "2023-01-29 12:33:00 +0100"
    },
    "done": true
  },
  "minecraft:adventure/adventuring_time": {
    "criteria": {
      "forest": "2023-01-22 20:19:37 +0100"
    },
    "done": false
  }
}