{
  "minecraft:recipes/food/bread": {
    "criteria": {
      "has_wheat": "2023-01-28 23:03:16 +0100"
    },
    "done": true
  },
  "minecraft:adventure/root": {
    "criteria": {
      "killed_something": "2023-01-28 23:03:58 +0100"
    },
    "done": true
  },
  "minecraft:recipes/building_blocks/hay_block": {
    "criteria": {
      "has_at_least_9_wheat": "2023-01-28 23:03:16 +0100"
    },
    "done": true
  },
  "minecraft:adventure/adventuring_time": {
    "criteria": {
      "forest": "2023-01-28 23:03:29 +0100",
      "plains": "2023-01-28 23:03:16 +0100"
    },
    "done": false
  }
}