{"stat.walkOneCm":21995,"stat.pickup.minecraft.stick":1,"stat.leaveGame":1,"stat.damageTaken":240,"stat.pickup.minecraft.leather":2,"stat.entityKilledBy.reindeer":1,"stat.mobKills":1,"stat.pickup.minecraft.book":1,"stat.killEntity.Creeper":1,"stat.useItem.minecraft.diamond_sword":2,"stat.useItem.minecraft.beef":1,"stat.pickup.minecraft.spawn_egg":4,"stat.flyOneCm":9292,"stat.deaths":1,"stat.swimOneCm":1172,"stat.jump":20,"stat.pickup.minecraft.egg":2,"stat.playOneMinute":4061,"stat.pickup.minecraft.lead":6,"stat.sneakTime":4,"stat.damageDealt":230,"stat.timeSinceDeath":2792,"stat.sprintOneCm":564,"stat.useItem.minecraft.spawn_egg":4,"stat.pickup.minecraft.apple":2,"stat.diveOneCm":385}