{
  "minecraft:adventure/adventuring_time": {
    "criteria": {
      "forest": "2023-01-22 19:02:33 +0100",
      "beaches": "2023-01-22 19:02:09 +0100",
      "desert_hills": "2023-01-22 19:01:20 +0100",
      "savanna": "2023-01-22 18:59:10 +0100",
      "plains": "2023-01-22 19:01:37 +0100",
      "savanna_rock": "2023-01-22 19:00:56 +0100",
      "ocean": "2023-01-22 19:02:11 +0100",
      "river": "2023-01-22 19:00:51 +0100",
      "desert": "2023-01-22 19:01:13 +0100"
    },
    "done": false
  }
}