{
  "minecraft:recipes/food/bread": {
    "criteria": {
      "has_wheat": "2023-01-28 23:23:07 +0100"
    },
    "done": true
  },
  "minecraft:recipes/building_blocks/hay_block": {
    "criteria": {
      "has_at_least_9_wheat": "2023-01-28 23:23:07 +0100"
    },
    "done": true
  },
  "minecraft:adventure/adventuring_time": {
    "criteria": {
      "forest": "2023-01-28 23:23:08 +0100",
      "plains": "2023-01-28 23:23:56 +0100"
    },
    "done": false
  },
  "minecraft:husbandry/tame_an_animal": {
    "criteria": {
      "tamed_animal": "2023-01-28 23:24:29 +0100"
    },
    "done": true
  }
}